
  CREATE TABLE "TESTDB"."H_USER" 
   (	"USER_ID" NUMBER(20,0) NOT NULL ENABLE, 
	"USER_NAME" VARCHAR2(50 BYTE), 
	"PASSWORD" VARCHAR2(50 BYTE), 
	"EMAIL" VARCHAR2(50 BYTE), 
	"FIRST_NAME" VARCHAR2(50 BYTE), 
	"LAST_NAME" VARCHAR2(50 BYTE), 
	 CONSTRAINT "H_USER_PK" PRIMARY KEY ("USER_ID")
   ) ;
  
CREATE SEQUENCE seq_HUSER
MINVALUE 1
START WITH 1
INCREMENT BY 1
CACHE 10;





  CREATE TABLE "TESTDB"."H_ROLE" 
   (	"ROLE_ID" NUMBER(20,0) NOT NULL ENABLE, 
	"NAME" VARCHAR2(50 BYTE), 
	 CONSTRAINT "H_USER_ROLE_PK" PRIMARY KEY ("ROLE_ID")
	 );


CREATE SEQUENCE seq_HRole
MINVALUE 1
START WITH 1
INCREMENT BY 1
CACHE 10;




 CREATE TABLE "TESTDB"."H_USER_ROLE" 
   (	"USER_ROLE_ID" NUMBER(20,0), 
	"ROLE_ID" NUMBER(20,0), 
	"USER_ID" NUMBER(20,0), 
	"STATUS" VARCHAR2(20 BYTE), 
	 PRIMARY KEY ("USER_ROLE_ID"),
	 FOREIGN KEY ("ROLE_ID")
	  REFERENCES "TESTDB"."H_ROLE" ("ROLE_ID") ENABLE, 
	 FOREIGN KEY ("USER_ID")
	  REFERENCES "TESTDB"."H_USER" ("USER_ID") ENABLE
   );

CREATE SEQUENCE seq_HUSER_ROLE
MINVALUE 1
START WITH 1
INCREMENT BY 1
CACHE 10;



 CREATE TABLE "TESTDB"."H_DEPARTMENT" 
   (	"DEPARTMENT_ID" NUMBER(20,0) NOT NULL ENABLE, 
	"NAME" VARCHAR2(50 BYTE), 
	"STATUS" VARCHAR2(10 BYTE), 
	 CONSTRAINT "H_DEPT_PK" PRIMARY KEY ("DEPARTMENT_ID")
	 );
  
  
  CREATE SEQUENCE seq_HDepartment
MINVALUE 1
START WITH 1
INCREMENT BY 1
CACHE 10;






  CREATE TABLE "TESTDB"."H_MAJOR" 
   (	"MAJOR_ID" NUMBER(20,0) NOT NULL ENABLE, 
	"NAME" VARCHAR2(50 BYTE), 
	"DEPARTMENT_ID" NUMBER(20,0), 
	"STATUS" VARCHAR2(10 BYTE), 
	 CONSTRAINT "H_MAJOR_PK" PRIMARY KEY ("MAJOR_ID"),
	 CONSTRAINT "H_MAJOR_FK" FOREIGN KEY ("DEPARTMENT_ID")
	  REFERENCES "TESTDB"."H_DEPARTMENT" ("DEPARTMENT_ID") ENABLE
)	 ;
  
  
    
  CREATE SEQUENCE seq_HMAJOR
MINVALUE 1
START WITH 1
INCREMENT BY 1
CACHE 10;



CREATE TABLE "TESTDB"."H_STAFF_DETAIL" 
   (	"USER_ID" NUMBER(20,0) NOT NULL ENABLE, 
	"EMPLOYEE_NUMBER" VARCHAR2(20 BYTE), 
	"DEPARTMENT_ID" NUMBER(20,0), 
	"OFFICE_NUMBER" VARCHAR2(20 BYTE), 
	 CONSTRAINT "H_STAFF_DETAIL_PK" PRIMARY KEY ("USER_ID"),
	 CONSTRAINT "H_STAFF_FK_DEPARTMENT" FOREIGN KEY ("DEPARTMENT_ID")
	  REFERENCES "TESTDB"."H_DEPARTMENT" ("DEPARTMENT_ID") ENABLE, 
	 CONSTRAINT "FK_STAFF_DETAIL" FOREIGN KEY ("USER_ID")
	  REFERENCES "TESTDB"."H_USER" ("USER_ID") ENABLE
   );
  
  CREATE TABLE "TESTDB"."H_STUDENT_DETAIL" 
   (	"USER_ID" NUMBER(20,0) NOT NULL ENABLE, 
	"MAJOR_ID" NUMBER(20,0), 
	"STUDENT_NUMBER" VARCHAR2(20 BYTE), 
	"ENTRY_YEAR" VARCHAR2(20 BYTE), 
	 CONSTRAINT "H_STUDENT_DETAIL_PK" PRIMARY KEY ("USER_ID"),
	  CONSTRAINT "H_STUDENT_FK_USER" FOREIGN KEY ("USER_ID")
	  REFERENCES "TESTDB"."H_USER" ("USER_ID") ENABLE, 
	 CONSTRAINT "H_STUDENT_FK_MAJOR" FOREIGN KEY ("MAJOR_ID")
	  REFERENCES "TESTDB"."H_MAJOR" ("MAJOR_ID") ENABLE
)	 ;


  CREATE TABLE "TESTDB"."H_SUBJECT" 
   (	"SUBJECT_ID" NUMBER(20,0) NOT NULL ENABLE, 
	"SUBJECT_CODE" VARCHAR2(10 BYTE), 
	 CONSTRAINT "H_SUBJECT_PK" PRIMARY KEY ("SUBJECT_ID")
)	 ;
  
  
 CREATE SEQUENCE seq_HSUBJECT
MINVALUE 1
START WITH 1
INCREMENT BY 1
CACHE 10;




  CREATE TABLE "TESTDB"."H_COURSE" 
   (	"COURSE_ID" NUMBER(20,0) NOT NULL ENABLE, 
	"NAME" VARCHAR2(30 BYTE), 
	"SUBJECT_ID" NUMBER(20,0), 
	"MAJOR_ID" NUMBER(20,0), 
	"STATUS" VARCHAR2(10 BYTE), 
	"CREDITS" NUMBER(5,2), 
	"COURSE_NUMBER" VARCHAR2(10 BYTE), 
	"DESCRIPTION" VARCHAR2(50 BYTE), 
	 CONSTRAINT "H_COURSE_PK" PRIMARY KEY ("COURSE_ID"),
	 CONSTRAINT "H_COURSE_FK_SUBJECT" FOREIGN KEY ("SUBJECT_ID")
	  REFERENCES "TESTDB"."H_SUBJECT" ("SUBJECT_ID") ENABLE, 
	 CONSTRAINT "H_COURSE_FK_MAJOR" FOREIGN KEY ("MAJOR_ID")
	  REFERENCES "TESTDB"."H_MAJOR" ("MAJOR_ID") ENABLE
	 );


 
 CREATE SEQUENCE seq_HCOURSE
MINVALUE 1
START WITH 1
INCREMENT BY 1
CACHE 10;





  CREATE TABLE "TESTDB"."H_CLASSROOM" 
   (	"CLASSROOM_ID" NUMBER(20,0) NOT NULL ENABLE, 
	"BUILDING_NAME" VARCHAR2(20 BYTE), 
	"ROOM_NUMBER" VARCHAR2(10 BYTE), 
	"MAX_CAPACITY" NUMBER(10,0), 
	"STATUS" VARCHAR2(10 BYTE), 
	 CONSTRAINT "H_CLASSROOM_PK" PRIMARY KEY ("CLASSROOM_ID")
);

 CREATE SEQUENCE seq_HCLASSROOM
MINVALUE 1
START WITH 1
INCREMENT BY 1
CACHE 10;




  CREATE TABLE "TESTDB"."H_SEMESTER" 
   (	"SEMESTER_ID" NUMBER(20,0) NOT NULL ENABLE, 
	"YEAR" NUMBER(5,0), 
	"SEASON" VARCHAR2(10 BYTE), 
	 CONSTRAINT "H_SEMESTER_PK" PRIMARY KEY ("SEMESTER_ID")
);
  
  
   CREATE SEQUENCE seq_HSemester
MINVALUE 1
START WITH 1
INCREMENT BY 1
CACHE 10;





  CREATE TABLE "TESTDB"."H_WEEKDAY" 
   (	"WEEKDAY_ID" NUMBER(10,0) NOT NULL ENABLE, 
	"NAME" VARCHAR2(10 BYTE), 
	 CONSTRAINT "H_WEEKDAY_PK" PRIMARY KEY ("WEEKDAY_ID")
);
  
  
     CREATE SEQUENCE seq_HWEEKDAY
MINVALUE 1
START WITH 1
INCREMENT BY 1
CACHE 10;

 CREATE TABLE "TESTDB"."H_CREDIT_TUITION" 
   (	"CREDIT_TUITION_ID" NUMBER(20,0) NOT NULL ENABLE, 
	"CREDIT_FEE" NUMBER(20,2), 
	 CONSTRAINT "H_CREDIT_TUITION_PK" PRIMARY KEY ("CREDIT_TUITION_ID") 
   )  ;

CREATE SEQUENCE seq_H_CREDIT_TUITION
MINVALUE 1
START WITH 1
INCREMENT BY 1
CACHE 10;


  CREATE TABLE "TESTDB"."H_CLASS" 
   (	"CLASS_ID" NUMBER(20,0) NOT NULL ENABLE, 
	"USER_ID" NUMBER(20,0), 
	"COURSE_ID" NUMBER(20,0), 
	"CLASSROOM_ID" NUMBER(20,0), 
	"SEMESTER_ID" NUMBER(20,0), 
  "CREDIT_TUITION_ID" NUMBER(20,0),
	"STATUS" VARCHAR2(10 BYTE), 
	 CONSTRAINT "H_CLASS_PK" PRIMARY KEY ("CLASS_ID"),
	 CONSTRAINT "H_CLASS_FK_COURSE" FOREIGN KEY ("COURSE_ID")
	  REFERENCES "TESTDB"."H_COURSE" ("COURSE_ID") ENABLE, 
	 CONSTRAINT "H_CLASS_FK_CLASSROOM" FOREIGN KEY ("CLASSROOM_ID")
	  REFERENCES "TESTDB"."H_CLASSROOM" ("CLASSROOM_ID") ENABLE, 
	 CONSTRAINT "H_CLASS_FK_SEMESTER" FOREIGN KEY ("SEMESTER_ID")
	  REFERENCES "TESTDB"."H_SEMESTER" ("SEMESTER_ID") ENABLE, 
	 CONSTRAINT "H_CLASS_FK_USER" FOREIGN KEY ("USER_ID")
	  REFERENCES "TESTDB"."H_STAFF_DETAIL" ("USER_ID") ENABLE,
    CONSTRAINT "H_CLASS_FK_CREDIT" FOREIGN KEY ("CREDIT_TUITION_ID")
	  REFERENCES "TESTDB"."H_CREDIT_TUITION" ("CREDIT_TUITION_ID") ENABLE
   ) ;


     CREATE SEQUENCE seq_HCLASS
MINVALUE 1
START WITH 1
INCREMENT BY 1
CACHE 10;




  CREATE TABLE "TESTDB"."H_CLASS_SCHEDULE" 
   (	"CLASS_SCHEDULE_ID" NUMBER(20,0) NOT NULL ENABLE, 
	"WEEKDAY_ID" NUMBER(20,0), 
	"CLASS_ID" NUMBER(20,0), 
	"CLASS_TIME" NUMBER(10,0), 
	 CONSTRAINT "H_CLASS_SCHEDULE_PK" PRIMARY KEY ("CLASS_SCHEDULE_ID"), 
	 CONSTRAINT "H_SCHEDULE_FK_WEEKDAY" FOREIGN KEY ("WEEKDAY_ID")
	  REFERENCES "TESTDB"."H_WEEKDAY" ("WEEKDAY_ID") ENABLE, 
	 CONSTRAINT "H_SCHEDULE_FK_CLASS" FOREIGN KEY ("CLASS_ID")
	  REFERENCES "TESTDB"."H_CLASS" ("CLASS_ID") ENABLE
   ) ;
  
  
       CREATE SEQUENCE seq_H_CLASS_SCHEDULE
MINVALUE 1
START WITH 1
INCREMENT BY 1
CACHE 10;




  CREATE TABLE "TESTDB"."H_ENROLLMENT" 
   (	"ENROLLMENT_ID" NUMBER(20,0) NOT NULL ENABLE, 
	"USER_ID" NUMBER(20,0), 
	"GRADE" VARCHAR2(10 BYTE), 
	"STATUS" VARCHAR2(10 BYTE), 
	"CLASS_ID" NUMBER(20,0), 
	 CONSTRAINT "H_ENROLLMENT_PK" PRIMARY KEY ("ENROLLMENT_ID"), 
	 CONSTRAINT "H_ENROLLMENT_FK_USER" FOREIGN KEY ("USER_ID")
	  REFERENCES "TESTDB"."H_STUDENT_DETAIL" ("USER_ID") ENABLE, 
	 CONSTRAINT "H_ENROLLMENT_FK_CLASS" FOREIGN KEY ("CLASS_ID")
	  REFERENCES "TESTDB"."H_CLASS" ("CLASS_ID") ENABLE
   )  ;
  
  
    
       CREATE SEQUENCE seq_H_ENROLLMENT
MINVALUE 1
START WITH 1
INCREMENT BY 1
CACHE 10;

-------------------------------------------------------------------start triggerss------------------------------------------------------------
CREATE OR REPLACE TRIGGER trigger_huser
BEFORE INSERT
   ON H_USER
  FOR EACH ROW
BEGIN

   :new.user_id := seq_HUSER.nextval();

END;

CREATE OR REPLACE TRIGGER trigger_hRole
BEFORE INSERT
   ON H_Role
  FOR EACH ROW
BEGIN

   :new.role_id := seq_HROLE.nextval();

END;


CREATE OR REPLACE TRIGGER trigger_hUser_ROLE
BEFORE INSERT
   ON H_USER_ROLE
  FOR EACH ROW
BEGIN

   :new.USER_ROLE_ID := seq_HUSER_ROLE.nextval();

END;


CREATE OR REPLACE TRIGGER trigger_H_DEPARTMENT
BEFORE INSERT
   ON H_DEPARTMENT
  FOR EACH ROW
BEGIN

   :new.DEPARTMENT_ID := seq_HDepartment.nextval();

END;



CREATE OR REPLACE TRIGGER trigger_H_MAJOR
BEFORE INSERT
   ON H_MAJOR
  FOR EACH ROW
BEGIN

   :new.MAJOR_ID := seq_HMAJOR.nextval();

END;

CREATE OR REPLACE TRIGGER trigger_H_SUBJECT
BEFORE INSERT
   ON H_SUBJECT
  FOR EACH ROW
BEGIN

   :new.SUBJECT_ID := seq_HSUBJECT.nextval();

END;


CREATE OR REPLACE TRIGGER trigger_H_COURSE
BEFORE INSERT
   ON H_COURSE
  FOR EACH ROW
BEGIN

   :new.COURSE_ID := seq_HCOURSE.nextval();

END;



CREATE OR REPLACE TRIGGER trigger_H_CLASSROOM
BEFORE INSERT
   ON H_CLASSROOM
  FOR EACH ROW
BEGIN

   :new.CLASSROOM_ID := seq_HCLASSROOM.nextval();

END;

CREATE OR REPLACE TRIGGER trigger_H_SEMESTER
BEFORE INSERT
   ON H_SEMESTER
  FOR EACH ROW
BEGIN

   :new.SEMESTER_ID := seq_HSemester.nextval();

END;

CREATE OR REPLACE TRIGGER trigger_H_WEEKDAY
BEFORE INSERT
   ON H_WEEKDAY
  FOR EACH ROW
BEGIN

   :new.WEEKDAY_ID := seq_HWEEKDAY.nextval();

END;

CREATE OR REPLACE TRIGGER trigger_H_CREDIT_TUITION
BEFORE INSERT
   ON H_CREDIT_TUITION
  FOR EACH ROW
BEGIN

    :new.CREDIT_TUITION_ID := seq_H_CREDIT_TUITION.nextval();

END;

CREATE OR REPLACE TRIGGER trigger_H_CLASS
BEFORE INSERT
   ON H_CLASS
  FOR EACH ROW
BEGIN

    :new.CLASS_ID := seq_HCLASS.nextval();

END;

CREATE OR REPLACE TRIGGER trigger_H_CLASS_SCHEDULE
BEFORE INSERT
   ON H_CLASS_SCHEDULE
  FOR EACH ROW
BEGIN

   :new.CLASS_SCHEDULE_ID := seq_H_CLASS_SCHEDULE.nextval();

END;

CREATE OR REPLACE TRIGGER trigger_H_ENROLLMENT
BEFORE INSERT
   ON H_ENROLLMENT
  FOR EACH ROW
BEGIN

   :new.ENROLLMENT_ID := seq_H_ENROLLMENT.nextval();

END;

---------------------------------------------------------------------drop everything starts here------------------------------------------------------------
DROP TABLE H_USER CASCADE CONSTRAINTS;
DROP SEQUENCE  seq_HUSER;
DROP TABLE H_ROLE CASCADE CONSTRAINTS;
DROP SEQUENCE  seq_HRole;
DROP TABLE H_USER_ROLE CASCADE CONSTRAINTS;
DROP SEQUENCE  seq_HUSER_ROLE;
DROP TABLE H_DEPARTMENT CASCADE CONSTRAINTS;
DROP SEQUENCE  seq_HDepartment;
DROP TABLE H_MAJOR CASCADE CONSTRAINTS;
DROP SEQUENCE  seq_HMAJOR;
DROP TABLE H_STAFF_DETAIL CASCADE CONSTRAINTS;
DROP TABLE H_STUDENT_DETAIL CASCADE CONSTRAINTS;
DROP TABLE H_SUBJECT CASCADE CONSTRAINTS;
DROP SEQUENCE  seq_HSUBJECT;
DROP TABLE H_COURSE CASCADE CONSTRAINTS;
DROP SEQUENCE  seq_HCOURSE;
DROP TABLE H_CLASSROOM CASCADE CONSTRAINTS;
DROP SEQUENCE  seq_HCLASSROOM;
DROP TABLE H_SEMESTER CASCADE CONSTRAINTS;
DROP SEQUENCE  seq_HSemester;
DROP TABLE H_WEEKDAY CASCADE CONSTRAINTS;
DROP SEQUENCE  seq_HWEEKDAY;
DROP TABLE H_CREDIT_TUITION CASCADE CONSTRAINTS;
DROP SEQUENCE  seq_H_CREDIT_TUITION;
DROP TABLE H_CLASS CASCADE CONSTRAINTS;
DROP SEQUENCE  seq_HCLASS;
DROP TABLE H_CLASS_SCHEDULE CASCADE CONSTRAINTS;
DROP SEQUENCE  seq_H_CLASS_SCHEDULE;
DROP TABLE H_ENROLLMENT CASCADE CONSTRAINTS;
DROP SEQUENCE  seq_H_ENROLLMENT;



---------------------------------------------------INSERT DATA----------------------------------------------------------------------------

REM INSERTING into TESTDB.H_WEEKDAY
SET DEFINE OFF;
Insert into TESTDB.H_WEEKDAY (NAME) values ('Monday');
Insert into TESTDB.H_WEEKDAY (NAME) values ('Tuesday');
Insert into TESTDB.H_WEEKDAY (NAME) values ('Wednesday');
Insert into TESTDB.H_WEEKDAY (NAME) values ('Thursday');
Insert into TESTDB.H_WEEKDAY (NAME) values ('Friday');


REM INSERTING into TESTDB.H_CLASSROOM
SET DEFINE OFF;
Insert into TESTDB.H_CLASSROOM (BUILDING_NAME,ROOM_NUMBER,MAX_CAPACITY,STATUS) values ('Hill Center','150',30,'Active');
Insert into TESTDB.H_CLASSROOM (BUILDING_NAME,ROOM_NUMBER,MAX_CAPACITY,STATUS) values ('SERC','225',20,'Active');
Insert into TESTDB.H_CLASSROOM (BUILDING_NAME,ROOM_NUMBER,MAX_CAPACITY,STATUS) values ('ARC','102',300,'Active');
Insert into TESTDB.H_CLASSROOM (BUILDING_NAME,ROOM_NUMBER,MAX_CAPACITY,STATUS) values ('Tillet','115',30,'Active');


REM INSERTING into TESTDB.H_DEPARTMENT
SET DEFINE OFF;
Insert into TESTDB.H_DEPARTMENT (NAME,STATUS) values ('Psychology','Active');
Insert into TESTDB.H_DEPARTMENT (NAME,STATUS) values ('History','Active');
Insert into TESTDB.H_DEPARTMENT (NAME,STATUS) values ('Mathematics','Active');
Insert into TESTDB.H_DEPARTMENT (NAME,STATUS) values ('Biology','Active');
Insert into TESTDB.H_DEPARTMENT (NAME,STATUS) values ('English','Active');
Insert into TESTDB.H_DEPARTMENT (NAME,STATUS) values ('Engineering','Active');
Insert into TESTDB.H_DEPARTMENT (NAME,STATUS) values ('Finance and Economics','Active');
Insert into TESTDB.H_DEPARTMENT (NAME,STATUS) values ('Political Science','Active');
Insert into TESTDB.H_DEPARTMENT (NAME,STATUS) values ('Physics','Active');
Insert into TESTDB.H_DEPARTMENT (NAME,STATUS) values ('Music','Active');


REM INSERTING into TESTDB.H_ROLE
SET DEFINE OFF;
Insert into TESTDB.H_ROLE (NAME) values ('Admin');
Insert into TESTDB.H_ROLE (NAME) values ('Student');
Insert into TESTDB.H_ROLE (NAME) values ('Instructor');
Insert into TESTDB.H_ROLE (NAME) values ('Advisor');



REM INSERTING into TESTDB.H_SEMESTER
SET DEFINE OFF;
Insert into TESTDB.H_SEMESTER (YEAR,SEASON) values (2014,'Spring');
Insert into TESTDB.H_SEMESTER (YEAR,SEASON) values (2014,'Fall');
Insert into TESTDB.H_SEMESTER (YEAR,SEASON) values (2015,'Spring');
Insert into TESTDB.H_SEMESTER (YEAR,SEASON) values (2015,'Fall');



REM INSERTING into TESTDB.H_SUBJECT
SET DEFINE OFF;
Insert into TESTDB.H_SUBJECT (SUBJECT_CODE) values ('ALG');
Insert into TESTDB.H_SUBJECT (SUBJECT_CODE) values ('CALC');
Insert into TESTDB.H_SUBJECT (SUBJECT_CODE) values ('AMHST');
Insert into TESTDB.H_SUBJECT (SUBJECT_CODE) values ('WHST');
Insert into TESTDB.H_SUBJECT (SUBJECT_CODE) values ('RLIT');
Insert into TESTDB.H_SUBJECT (SUBJECT_CODE) values ('ALIT');
Insert into TESTDB.H_SUBJECT (SUBJECT_CODE) values ('APSY');
Insert into TESTDB.H_SUBJECT (SUBJECT_CODE) values ('PSY');
Insert into TESTDB.H_SUBJECT (SUBJECT_CODE) values ('GEN');
Insert into TESTDB.H_SUBJECT (SUBJECT_CODE) values ('BIO');



REM INSERTING into TESTDB.H_USER
SET DEFINE OFF;
Insert into TESTDB.H_USER (USER_NAME,PASSWORD,EMAIL,FIRST_NAME,LAST_NAME) values ('admin','admin','admin@gmail.com','admin','admin');
Insert into TESTDB.H_USER (USER_NAME,PASSWORD,EMAIL,FIRST_NAME,LAST_NAME) values ('sunny','sunny','sunny@gmail.com','Sunny','Rathor');
Insert into TESTDB.H_USER (USER_NAME,PASSWORD,EMAIL,FIRST_NAME,LAST_NAME) values ('tcruise','tcruise','cruise@gmail.com','Tom','Cruise');
Insert into TESTDB.H_USER (USER_NAME,PASSWORD,EMAIL,FIRST_NAME,LAST_NAME) values ('trump','trump','trump@gmail.com','Donald','Trump');
Insert into TESTDB.H_USER (USER_NAME,PASSWORD,EMAIL,FIRST_NAME,LAST_NAME) values ('gates','gates','gates@microsoft.com','Bill','Gates');
Insert into TESTDB.H_USER (USER_NAME,PASSWORD,EMAIL,FIRST_NAME,LAST_NAME) values ('advisor','advisor','advisor@microsoft.com','advisor','advisor');


REM INSERTING into TESTDB.H_USER_ROLE
SET DEFINE OFF;
Insert into TESTDB.H_USER_ROLE (ROLE_ID,USER_ID,STATUS) values (1,1,'Active');
Insert into TESTDB.H_USER_ROLE (ROLE_ID,USER_ID,STATUS) values (2,2,'Active');
Insert into TESTDB.H_USER_ROLE (ROLE_ID,USER_ID,STATUS) values (3,3,'Active');
Insert into TESTDB.H_USER_ROLE (ROLE_ID,USER_ID,STATUS) values (3,4,'Active');
Insert into TESTDB.H_USER_ROLE (ROLE_ID,USER_ID,STATUS) values (2,5,'Active');
Insert into TESTDB.H_USER_ROLE (ROLE_ID,USER_ID,STATUS) values (4,6,'Active');



REM INSERTING into TESTDB.H_MAJOR
SET DEFINE OFF;
Insert into TESTDB.H_MAJOR (NAME,DEPARTMENT_ID,STATUS) values ('Psychology',1,'Active');
Insert into TESTDB.H_MAJOR (NAME,DEPARTMENT_ID,STATUS) values ('History',2,'Active');
Insert into TESTDB.H_MAJOR (NAME,DEPARTMENT_ID,STATUS) values ('Mathematics',3,'Active');
Insert into TESTDB.H_MAJOR (NAME,DEPARTMENT_ID,STATUS) values ('Biology',4,'Active');
Insert into TESTDB.H_MAJOR (NAME,DEPARTMENT_ID,STATUS) values ('English',5,'Active');
Insert into TESTDB.H_MAJOR (NAME,DEPARTMENT_ID,STATUS) values ('Engineering',6,'Active');
Insert into TESTDB.H_MAJOR (NAME,DEPARTMENT_ID,STATUS) values ('Finance and Economics',7,'Active');
Insert into TESTDB.H_MAJOR (NAME,DEPARTMENT_ID,STATUS) values ('Political Science',8,'Active');
Insert into TESTDB.H_MAJOR (NAME,DEPARTMENT_ID,STATUS) values ('Physics',9,'Active');
Insert into TESTDB.H_MAJOR (NAME,DEPARTMENT_ID,STATUS) values ('Music',10,'Active');



REM INSERTING into TESTDB.H_COURSE
SET DEFINE OFF;
Insert into TESTDB.H_COURSE (NAME,SUBJECT_ID,MAJOR_ID,STATUS,CREDITS,COURSE_NUMBER,DESCRIPTION) values ('Calculus 1',2,3,'Active',3,'101','Introduction to Calculus');
Insert into TESTDB.H_COURSE (NAME,SUBJECT_ID,MAJOR_ID,STATUS,CREDITS,COURSE_NUMBER,DESCRIPTION) values ('Calculus 2',2,3,'Active',3,'151','Advanced Calculus');
Insert into TESTDB.H_COURSE (NAME,SUBJECT_ID,MAJOR_ID,STATUS,CREDITS,COURSE_NUMBER,DESCRIPTION) values ('Linear Algebra',1,3,'Active',3,'252','Linear equations and optimization');
Insert into TESTDB.H_COURSE (NAME,SUBJECT_ID,MAJOR_ID,STATUS,CREDITS,COURSE_NUMBER,DESCRIPTION) values ('Revolutionary History',3,2,'Active',3,'101','Study of the Revolutionary time period');
Insert into TESTDB.H_COURSE (NAME,SUBJECT_ID,MAJOR_ID,STATUS,CREDITS,COURSE_NUMBER,DESCRIPTION) values ('Civil War History',3,2,'Active',3,'103','Look at the impact of the Civil war');
Insert into TESTDB.H_COURSE (NAME,SUBJECT_ID,MAJOR_ID,STATUS,CREDITS,COURSE_NUMBER,DESCRIPTION) values ('World War 2',4,2,'Active',3,'210','History of the 2nd world war');
Insert into TESTDB.H_COURSE (NAME,SUBJECT_ID,MAJOR_ID,STATUS,CREDITS,COURSE_NUMBER,DESCRIPTION) values ('Infant Behavior',7,1,'Active',3,'155','Study infant psychology');
Insert into TESTDB.H_COURSE (NAME,SUBJECT_ID,MAJOR_ID,STATUS,CREDITS,COURSE_NUMBER,DESCRIPTION) values ('Cognitive Behavior Lab',8,1,'Active',1,'356','Lab course on psychology');
Insert into TESTDB.H_COURSE (NAME,SUBJECT_ID,MAJOR_ID,STATUS,CREDITS,COURSE_NUMBER,DESCRIPTION) values ('DNA',9,4,'Active',3,'410','Discover the wonders of DNA');
Insert into TESTDB.H_COURSE (NAME,SUBJECT_ID,MAJOR_ID,STATUS,CREDITS,COURSE_NUMBER,DESCRIPTION) values ('Evolutionary Biology',10,4,'Active',3,'499','Study of evolution');





REM INSERTING into TESTDB.H_STAFF_DETAIL
SET DEFINE OFF;
Insert into TESTDB.H_STAFF_DETAIL (USER_ID,EMPLOYEE_NUMBER,DEPARTMENT_ID,OFFICE_NUMBER) values (3,'1',3,'125');
Insert into TESTDB.H_STAFF_DETAIL (USER_ID,EMPLOYEE_NUMBER,DEPARTMENT_ID,OFFICE_NUMBER) values (4,'2',4,'269');


REM INSERTING into TESTDB.H_STUDENT_DETAIL
SET DEFINE OFF;
Insert into TESTDB.H_STUDENT_DETAIL (USER_ID,MAJOR_ID,STUDENT_NUMBER,ENTRY_YEAR) values (2,3,'1','2014');
Insert into TESTDB.H_STUDENT_DETAIL (USER_ID,MAJOR_ID,STUDENT_NUMBER,ENTRY_YEAR) values (5,2,'2','2014');

REM INSERTING into TESTDB.H_CREDIT_TUITION
SET DEFINE OFF;
Insert into TESTDB.H_CREDIT_TUITION (CREDIT_FEE) values (400.00);
Insert into TESTDB.H_CREDIT_TUITION (CREDIT_FEE) values (500.00);

REM INSERTING into TESTDB.H_CLASS
SET DEFINE OFF;
Insert into TESTDB.H_CLASS (USER_ID,COURSE_ID,CLASSROOM_ID,SEMESTER_ID,CREDIT_TUITION_ID,STATUS) values (4,1,1,4,1,'Active');
Insert into TESTDB.H_CLASS (USER_ID,COURSE_ID,CLASSROOM_ID,SEMESTER_ID,CREDIT_TUITION_ID,STATUS) values (4,2,2,4,1,'Active');
Insert into TESTDB.H_CLASS (USER_ID,COURSE_ID,CLASSROOM_ID,SEMESTER_ID,CREDIT_TUITION_ID,STATUS) values (3,3,3,4,1,'Active');
Insert into TESTDB.H_CLASS (USER_ID,COURSE_ID,CLASSROOM_ID,SEMESTER_ID,CREDIT_TUITION_ID,STATUS) values (3,4,4,4,1,'Active');
Insert into TESTDB.H_CLASS (USER_ID,COURSE_ID,CLASSROOM_ID,SEMESTER_ID,CREDIT_TUITION_ID,STATUS) values (4,5,1,3,1,'Active');


REM INSERTING into TESTDB.H_CLASS_SCHEDULE
SET DEFINE OFF;
Insert into TESTDB.H_CLASS_SCHEDULE (WEEKDAY_ID,CLASS_ID,CLASS_TIME) values (1,1,10);
Insert into TESTDB.H_CLASS_SCHEDULE (WEEKDAY_ID,CLASS_ID,CLASS_TIME) values (2,2,12);
Insert into TESTDB.H_CLASS_SCHEDULE (WEEKDAY_ID,CLASS_ID,CLASS_TIME) values (3,3,16);
Insert into TESTDB.H_CLASS_SCHEDULE (WEEKDAY_ID,CLASS_ID,CLASS_TIME) values (4,4,9);
Insert into TESTDB.H_CLASS_SCHEDULE (WEEKDAY_ID,CLASS_ID,CLASS_TIME) values (5,5,17);


REM INSERTING into TESTDB.H_ENROLLMENT
SET DEFINE OFF;
Insert into TESTDB.H_ENROLLMENT (USER_ID,GRADE,STATUS,CLASS_ID) values (2,'A','Active',1);
Insert into TESTDB.H_ENROLLMENT (USER_ID,GRADE,STATUS,CLASS_ID) values (2,'B','Active',2);
Insert into TESTDB.H_ENROLLMENT (USER_ID,GRADE,STATUS,CLASS_ID) values (2,'A','Active',3);
Insert into TESTDB.H_ENROLLMENT (USER_ID,GRADE,STATUS,CLASS_ID) values (5,'D','Active',4);
Insert into TESTDB.H_ENROLLMENT (USER_ID,GRADE,STATUS,CLASS_ID) values (2,'A','Active',5);
